"Ad Name","Ad Set Name","Title","Body","Description","Link","Call to Action","Image File Name (1080x1920)","Image File Name (1080x1350)"
"[09] Story 6a recibo-chat","Conjunto 1 · Corretores BR 25-54","Responde em 4 segundos","CORRETOR(A) DE IMÓVEIS, a pergunta chegou às 23h47. A resposta, às 09h12. O cliente fechou com quem respondeu primeiro, e a comissão ficou na mesa.

A Match IA responde em 4 segundos, com o seu nome, e agenda a visita na hora. Pronto em 5 minutos, sem cartão. matchhouse.com.br","IA com o seu nome, 24h por dia","https://www.matchhouse.com.br","Cadastre-se","MH-09-6a-recibo-chat-1080x1920.png","MH-09-6a-recibo-chat-1080x1350.png"
"[09] Story 6b recibo-cupom","Conjunto 1 · Corretores BR 25-54","A comissão que você não recebeu","CORRETOR(A) DE IMÓVEIS, a pergunta chegou às 23h47. A resposta, às 09h12. O cliente fechou com quem respondeu primeiro, e a comissão ficou na mesa.

A Match IA responde em 4 segundos, com o seu nome, e agenda a visita na hora. Pronto em 5 minutos, sem cartão. matchhouse.com.br","IA com o seu nome, 24h por dia","https://www.matchhouse.com.br","Cadastre-se","MH-09-6b-recibo-cupom-1080x1920.png","MH-09-6b-recibo-cupom-1080x1350.png"
"[09] Story 6c antes-depois","Conjunto 1 · Corretores BR 25-54","4 segundos ou 9 horas?","CORRETOR(A) DE IMÓVEIS, a pergunta chegou às 23h47. A resposta, às 09h12. O cliente fechou com quem respondeu primeiro, e a comissão ficou na mesa.

A Match IA responde em 4 segundos, com o seu nome, e agenda a visita na hora. Pronto em 5 minutos, sem cartão. matchhouse.com.br","IA com o seu nome, 24h por dia","https://www.matchhouse.com.br","Cadastre-se","MH-09-6c-antes-depois-1080x1920.png","MH-09-6c-antes-depois-1080x1350.png"
"[09] Story 6i notificacao-23h47","Conjunto 1 · Corretores BR 25-54","O cliente não espera o expediente","CORRETOR(A) DE IMÓVEIS, a mensagem chegou às 23h47 e ficou não lida até 09h12. O cliente não espera o expediente — a comissão foi de quem respondeu primeiro.

A Match IA responde em 4 segundos, com o seu nome, e agenda a visita na hora. Pronto em 5 minutos, sem cartão. matchhouse.com.br","IA com o seu nome, 24h por dia","https://www.matchhouse.com.br","Cadastre-se","MH-09-6i-notificacao-23h47-1080x1920.png","MH-09-6i-notificacao-23h47-1080x1350.png"
"[09] Story 6j agenda-madrugada","Conjunto 1 · Corretores BR 25-54","Agenda cheia ao acordar","CORRETOR(A) DE IMÓVEIS, você dormiu às 23h30. Sua agenda acordou com 2 visitas marcadas e 1 lead qualificado.

A Match IA atende no seu link da bio com o seu nome, 24h, e agenda direto para você. Pronto em 5 minutos, sem cartão. matchhouse.com.br","Atende, qualifica e agenda por você","https://www.matchhouse.com.br","Cadastre-se","MH-09-6j-agenda-madrugada-1080x1920.png","MH-09-6j-agenda-madrugada-1080x1350.png"
"[09] Story 6g prova-07h15","Conjunto 1 · Corretores BR 25-54","Sua IA vendeu enquanto você dormia","CORRETOR(A) DE IMÓVEIS, 07h15. Você ainda não abriu o WhatsApp e a noite já rendeu: 2 leads qualificados e 1 visita agendada.

A Match IA atende no seu link da bio com o seu nome, 24h. Pronto em 5 minutos, sem cartão. matchhouse.com.br","Atende no seu link da bio, 24h","https://www.matchhouse.com.br","Cadastre-se","MH-09-6g-prova-07h15-1080x1920.png","MH-09-6g-prova-07h15-1080x1350.png"
"[09] Story 6e veterano","Conjunto 2 · Homens 45-64","Quantas comissões já se foram?","CORRETOR HÁ MAIS DE 10 ANOS, a pergunta chegou às 23h47. A resposta, às 09h12. O cliente fechou com quem respondeu primeiro, e a comissão ficou na mesa.

A Match IA responde em 4 segundos, com o seu nome, e agenda a visita na hora. Pronto em 5 minutos, sem cartão. matchhouse.com.br","IA com o seu nome, 24h por dia","https://www.matchhouse.com.br","Cadastre-se","MH-09-6e-veterano-1080x1920.png","MH-09-6e-veterano-1080x1350.png"
"[09] Story 6f corretora","Conjunto 3 · Mulheres 25-44","Responde em 4 segundos","CORRETORA DE IMÓVEIS, a pergunta chegou às 23h47. A resposta, às 09h12. O cliente fechou com quem respondeu primeiro, e a comissão ficou na mesa.

A Match IA responde em 4 segundos, com o seu nome, e agenda a visita na hora. Pronto em 5 minutos, sem cartão. matchhouse.com.br","IA com o seu nome, 24h por dia","https://www.matchhouse.com.br","Cadastre-se","MH-09-6f-corretora-1080x1920.png","MH-09-6f-corretora-1080x1350.png"
"[09] Story 6h teste-vertical","Conjunto 4 · Cadastro completo","Sua bio passa no teste?","CORRETOR(A) DE IMÓVEIS, a pergunta chegou às 23h47. A resposta, às 09h12. O cliente fechou com quem respondeu primeiro, e a comissão ficou na mesa.

A Match IA responde em 4 segundos, com o seu nome, e agenda a visita na hora. Pronto em 5 minutos, sem cartão. matchhouse.com.br","Crie seu Smart Link em 5 minutos","https://www.matchhouse.com.br","Cadastre-se","MH-09-6h-teste-vertical-1080x1920.png","MH-09-6h-teste-vertical-1080x1350.png"